Code,Description,Old_Rate,Revised_Rate
01-02-030,Deluxe Ward,9441.0,11320.0
01-02-030,Deluxe Ward - VIP,11322.0,13580.0
01-02-030,General Ward - Gynae,1958.0,2340.0
01-02-030,General Ward - Gynae (Day Care),1958.0,2340.0
01-02-030,General Ward - Peads,1958.0,2340.0
01-02-030,General Ward (Female) - Medical,1958.0,2340.0
01-02-030,General Ward (Female) - Special,1958.0,2340.0
01-02-030,General Ward (Female) - Surgical,1958.0,2340.0
01-02-030,General Ward (Male) - Medical,1958.0,2340.0
01-02-030,General Ward (Male) - Special,1958.0,2340.0
01-02-030,General Ward (Male) - Surgical,1958.0,2340.0
01-02-030,ICU,11901.0,14280.0
01-02-030,Isolation - Gynae,1958.0,2340.0
01-02-030,Isolation - Medical,1958.0,2340.0
01-02-030,Isolation - Peads (For Attendent),1958.0,2340.0
01-02-030,Isolation - Special,1958.0,2340.0
01-02-030,Isolation - Surgical,1958.0,2340.0
01-02-030,Labour Room,1958.0,2340.0
01-02-030,NICU,6556.0,7860.0
01-02-030,PICU,4560.0,5470.0
01-02-030,Private Room - Gynae,6234.0,7480.0
01-02-030,Private Room - Medical,6234.0,7480.0
01-02-030,Private Room - Special,6234.0,7480.0
01-02-030,Private Room - Surgical,6234.0,7480.0
01-02-030,Semi Private Room - Gynae,3400.0,4080.0
01-02-030,Semi Private Room - Medical,3400.0,4080.0
01-02-030,Semi Private Room - Peads,3400.0,4080.0
01-02-030,Semi Private Room - Special,3400.0,4080.0
01-02-030,Semi Private Room - Surgical,3400.0,4080.0
07-12-011,Yankauer Tip with Suction Tube,150.0,180.0
15-01-001,PURE TONE AUDIOMETRY,1236.0,1480.0
07-08-010,PICU Ventilator Charges,10755.0,12900.0
07-08-001,ICU with Ventilator,17233.0,20670.0
07-01-011,SVD+EPI (Consultant),29431.0,35310.0
07-01-001,C-Section (Booked),47540.0,57040.0
07-06-007,Visit Consultant (General),824.0,980.0
04-01-042,Second Opinion Reporting-CT Scan (Contrast),2808.0,3360.0
07-02-004,Minor G/A-ENT,27177.0,32610.0
07-02-005,Minor L/A-ENT,15855.0,19020.0
07-05-001,Extra Major G/A - Neuro,166358.0,199620.0
07-06-010,Visit Consultant (Deluxe),1043.0,1250.0
07-01-005,Extra Major G/A - Gynae,76958.0,92340.0
07-12-003,Flow Sensor,9000.0,10800.0
07-12-018,Surgi Silk 2/0,4300.0,5160.0
07-08-004,NICU with Ventilator (Subsequent Day),18702.0,22440.0
07-06-009,Visit Consultant (S.Pvt./Pvt.),927.0,1110.0
07-06-002,Cross Referral Visit (General),824.0,980.0
07-06-001,Cross Referral Visit (Deluxe),1043.0,1250.0
07-01-002,C-Section,52061.0,62470.0
13-01-078,REMOVAL OF POLYP,7260.0,8710.0
13-01-080,SIGMIDOSCOPY,10471.0,12560.0
10-01-048,ROOT CANAL TREATMENT (PER VISIT),1481.0,1770.0
07-12-017,Surgi Silk 1/0,5000.0,6000.0
07-12-016,Surgi Silk 00/1,4200.0,5040.0
07-12-006,HME/HIMV Filter,675.0,810.0
07-12-026,Implant Charges,1.0,1.0
07-12-005,Vent Circuit,2500.0,3000.0
02-01-034,U/S GUIDED BIOPSY. (LIVER/MASS),8269.0,9920.0
13-01-004,CIRCUMCISION-Private (Less Than 6 Months),7148.0,8570.0
13-01-005,CIRCUMCISION-Private (More Than 12 Months),11901.0,14280.0
03-01-138,PNSAP/LAT VIEW,1945.0,2330.0
01-01-002,OPD CONSULTANCY,966.0,1150.0
07-03-002,Major G/A-Ortho,65649.0,78770.0
07-03-001,Extra Major G/A-Ortho,88267.0,105920.0
07-03-004,Minor G/A-Ortho,33952.0,40740.0
07-04-002,Major G/A-General,58862.0,70630.0
07-02-003,Medium G/A-ENT,40752.0,48900.0
07-04-001,Extra Major G/A - General,81492.0,97790.0
07-03-003,Medium G/A - Ortho,52061.0,62470.0
07-04-004,Minor G/A-General,27177.0,32610.0
07-02-001,Extra Major G/A-ENT,74704.0,89640.0
07-03-005,Minor L/A-Ortho,18122.0,21740.0
07-08-011,Step Down,4212.0,5050.0
07-01-012,SVD+EPI (RMO),15855.0,19020.0
03-01-177,SUB MENTO VERTEX,966.0,1150.0
07-01-009,Minor L/A-Gynae,15855.0,19020.0
07-12-001,URO Meter,1500.0,1800.0
13-01-039,ENDOSCOPY + DILATION,17550.0,21060.0
13-01-087,VACCINATION (MISSING CARD),258.0,300.0
07-01-006,Major G/A-Gynae,67903.0,81480.0
13-01-007,WORKUP FEES GASTROENTEROLOGY,361.0,430.0
13-01-020,Caudal Injection (Under C-Arm),11231.0,13470.0
07-12-024,Flow Sensor (NICU),17550.0,21060.0
07-01-003,C-Section With Complications,56582.0,67890.0
04-01-038-,PNS Full Study With Contrast,20376.0,24450.0
04-01-043,Second Opinion Reporting CT Scan (Plain),1880.0,2250.0
04-01-041,S.1 Joint Plain,8179.0,9810.0
13-01-027,COLONOSCOPY,18354.0,22020.0
07-12-021,Surgi Silk 5/0,4700.0,5640.0
10-01-002,CAST METAL DENTURE,33514.0,40210.0
13-01-006,CIRCUMCISION-Private (More Than 6 Months),9544.0,11450.0
13-01-003,CIRCUMCISION (More Than 6 Months),5229.0,6270.0
13-01-014,ASPIRATION + BIOPSY,3349.0,4010.0
03-01-031,C-Arm (X-ray) Image Intensifier (for Minor Sur.),3684.0,4420.0
03-01-124,MANDIBLE RT AP LATERAL VIEW,1945.0,2330.0
07-07-001,Pharmacy-IPD,592.0,710.0
07-07-003,Nursing & Service Charges- (General Ward),1043.0,1250.0
07-07-004,Nursing & Service Charges - (Deluxe),2293.0,2750.0
07-07-039,CVP Line Charges,6234.0,7480.0
07-07-007,Surfactant Injection Charges,13601.0,16320.0
07-07-002,Nursing & Service Charges - (ICU/NICU/PICU),696.0,830.0
07-04-005,Minor L/A-General,16976.0,20370.0
07-02-002,Major G/A-ENT,54328.0,65190.0
07-04-003,Medium G/A-General,43006.0,51600.0
07-01-007,Medium G/A-Gynae,47540.0,57040.0
07-12-012,Gown for Patient,500.0,600.0
07-06-008,Visit Consultant (ICU/NICU/PICU),1159.0,1390.0
07-08-008,NICU/PICU with Vent,10755.0,12900.0
07-12-009,Pressure Monitoring Line,150.0,180.0
07-08-006,NICU without Vent & with Oxygen,14026.0,16830.0
07-12-019,Surgi Silk 3/0,5300.0,6360.0
10-01-016,EXTRACTION ANTERIOR TEEΤΗ,696.0,830.0
10-01-008,CROWN PORCELAIN (PER VISIT),1920.0,2300.0
07-12-002,BIPAP/CPAP Circuit (Mask),13000.0,15600.0
10-01-063,X-RAY (Out Patient),592.0,710.0
10-01-041,RCT IN TWO VISITS WITH ROTARY (EACH VISIT),5899.0,7070.0
10-01-052,SCALING + POLISHING (PER VISIT),1030.0,1230.0
15-01-003,TYMPANOMETRY,1236.0,1480.0
07-08-012,COT Charges,824.0,980.0
07-08-003,NICU with Ventilator (1st Day),23377.0,28050.0
07-05-002,Major G/A-Neuro,109776.0,131730.0
07-12-004,Neb Kit,1500.0,1800.0
07-01-008,Minor G/A-Gynae,31698.0,38030.0
07-06-003,Cross Referral Visit (ICU/NICU/PICU),1159.0,1390.0
07-08-005,NICU without Vent & Oxygen,6556.0,7860.0
04-01-037,PNS Coronal View/Orbit Axial View (Any One Redion),9068.0,10880.0
07-12-013,Pajama for Patient,650.0,780.0
13-01-008,WORKUP FEES PLASTIC SURGEON,1275.0,1530.0
07-12-008,T-Piece Intersurgical,400.0,480.0
07-12-014,Stylet for Intubation,520.0,620.0
07-12-010,Mucus Extractor,105.0,120.0
10-01-034,PARTIAL DENTURE,900.0,1080.0
13-01-077,REMOVAL OF FOREIGN BODY,7260.0,8710.0
13-01-070,POLIO VACCINATION WITH CERTIFICATE,283.0,330.0
03-01-110,XUB (CHILD 01 TO 11 YEAR) (ONE VIEW),966.0,1150.0
07-12-015,Bougi-ETT Intubation,1300.0,1560.0
07-08-002,ICU without Ventilator,11901.0,14280.0
07-12-020,Surgi Silk 4/0,4100.0,4920.0
07-06-004,Cross Refferal Visit (S.Pvt./Pvt.),927.0,1110.0
07-12-022,Surgi Silk 6/0,8000.0,9600.0
07-12-023,Flow Sensor (PICU),8500.0,10200.0
10-01-040,RCT IN SINGLE VISIT WITH ROTARY,9827.0,11790.0
03-01-036-,CERVICAL SPINE OBLIQUE BOTH VIEW,1945.0,2330.0
01-01-033,DRESSINGOT-,1984.0,2380.0
07-05-003,Medium G/A-Neuro,75837.0,91000.0
07-05-004,Minor G/A-Neuro,53207.0,63840.0
04-01-021,CT Scan Triphasic Upper Abdomen.,20376.0,24450.0
02-01-011,GUIDED ASPIRATION PLURAL FLUID-CHEST,5989.0,7180.0
13-01-002,CIRCUMCISION (More Than 12 Months),6801.0,8160.0
13-01-037,ENDOSCOPY BANDING,37932.0,45510.0
13-01-001,CIRCUMCISION (Less Than 6 Months),3993.0,4790.0
07-01-004,D&E,26185.0,31420.0
07-12-007,Cath Mouth,775.0,930.0
13-01-093,SIGMOIDOSCOPY,10471.0,12560.0
07-08-009,PICU Bed Charges,4560.0,5470.0
07-08-007,NICU Incubator without Vent,4096.0,4910.0
04-01-003,Brain + Pituitary/Petrious Base,13601.0,16320.0
10-01-049,ROOT CANAL TREATMENT (SINGLE ROOTED),6234.0,7480.0
10-01-050,SCALING + GUM TREATMENT,4302.0,5160.0
07-07-005,Nursing & Service Charges - (Pvt.),2293.0,2750.0
07-07-006,Nursing & Service Charges - (S.Pvt.),1378.0,1650.0
07-07-040,Regional Block Charges,7483.0,8970.0
G0002,LIVER FUNCTION TEST (LFTS),1340.0,1600.0
G0003,FASTING LIPID PROFILE (FLP),1829.0,2190.0
G0004,"ELECTROLYTES (Na, K, CI, HCO3)",824.0,980.0
G0005,GTT (GLUCOSE TOLERANCE TEST),927.0,1110.0
G0006,ABGS (ARTERIAL BLOOD GASES),1623.0,1940.0
G0008,BLOOD PT (Prothrombin Time),502.0,600.0
G0010,ICT-MALARIA,1481.0,1770.0
G0012,DENGUE VIRUS IgM/IgG,2383.0,2850.0
G0014,M.P (MALARIAL PARASITE),386.0,460.0
G0015,CBC (Complete Blood Count/CP),927.0,1110.0
G0017,SERUM BILIRUBIN (TOTAL/DIRECT),554.0,660.0
G0028,APTT (ACTIVATED PARTIAL THROMBOPLASTIN TIME),850.0,1020.0
G0029,A/G RATIO,605.0,720.0
G0030,HB (HAEMOGLOBIN),554.0,660.0
G0031,"CARDIC ENZYMES (SGOT, LDH, CPK, CK-MB)",2177.0,2610.0
G0032,AFB SMEAR (ZN STAIN),361.0,430.0
G0033,SPUTUM FOR D/R,683.0,810.0
G0034,SEMEN ANALYSIS,914.0,1090.0
G0035,RH-ANTI BODY TITRE,1133.0,1350.0
G0036,BLOOD GROUP & RH FACTOR,592.0,710.0
G0037,URINE DR,386.0,460.0
G0038,STOOL D/R,283.0,330.0
G0039,NG ASPIRATE AFB SMEAR,348.0,410.0
G0040,"BODY FLUID (CSF, PLEURAL) D/R",1520.0,1820.0
G0041,GCT (GLUCOSE CHALLENGE TEST),927.0,1110.0
G0042,FUNGUS SMEAR (SKIN SCRAPINGetc-),386.0,460.0
G0043,24 HRS URINE FOR COPPER,3168.0,3800.0
G0044,24 HRS URINE FOR CORTISOL,3259.0,3910.0
G0045,ANTI PHOSPHOLIPID (APLA),11721.0,14060.0
G0046,"CHLORIDE (CSF, URINE)",361.0,430.0
G0047,RUBELLA ANTIBODIES (IgG & IgM),3851.0,4620.0
G0048,ENA PROFILE (EXTRACTABLE NUCLEAR),8398.0,10070.0
T0001,UREA (SERUM),348.0,410.0
T0003,URIC ACID (SERUM),451.0,540.0
T0005,CREATININE (SERUM),348.0,410.0
T0006,RANDOM BLOOD SUGAR (RBS),220.0,260.0
T0016,C-REACTIVE PROTIEN,1842.0,2210.0
T0017,SERUM SODIUM (Na+),824.0,980.0
T0018,POTASSIUM (SERUM),824.0,980.0
T0019,CHLORIDE (SERUM),824.0,980.0
T0020,BICARBONATE (SERUM),824.0,980.0
T0021,CALCIUM (SERUM),386.0,460.0
T0022,MAGNESIUM (SERUM),902.0,1080.0
T0024,COOMBS DIRECT,696.0,830.0
T0027,GAMMA GT (SERUM),515.0,610.0
T0028,SGPT (ALT),464.0,550.0
T0029,SGOT (AST),451.0,540.0
T0030,ALKALINE PHOSPHATASE (SERUM),554.0,660.0
T0031,CHOLESTROL,348.0,410.0
T0032,TRIGLYCERIDES,348.0,410.0
T0036,HBA1C (GLYCOSYLAT HAEMOGLOBIN),1468.0,1760.0
T0084,DENGUE (NS1 ANTIGEN),2859.0,3430.0
T0094,TLC (TOTAL LEUCOCYTE COUNT),554.0,660.0
T0095,DLC (DIFFERENTIAL LEUCOCYTES COUNT),477.0,570.0
T0109,PLATELET COUNT,554.0,660.0
T0132,ESR (ERYTHROCYTE SEDIMENTATION RATE),322.0,380.0
T0141,TPHA,3851.0,4620.0
T0142,COOMBS INDIRECT,811.0,970.0
T0145,TL-VDRL/RPR,592.0,710.0
T0147,URINE FOR CREATININE (Random/24 hrs.),451.0,540.0
T0148,CREATININE CLEARANCE (24 hrs. URINE),1043.0,1250.0
T0150,URINE FOR MICRO ALBUMIN,1249.0,1490.0
T0151,URINE FOR PHOSPHORUS (24 hrs.),554.0,660.0
T0152,URINE FOR UREA (24 hrs.),386.0,460.0
T0153,URINE FOR URIC ACID (24 hrs.),386.0,460.0
T0155,ACTH (ADRENO CORTICO TROPIC HORMONE),4173.0,5000.0
T0157,ALPHA FETO PROTEIN (SERUM),1481.0,1770.0
T0158,AMYLASE (SERUM),683.0,810.0
T0159,ANTI CCP,4341.0,5200.0
T0160,THYROID ANTIBODIES,4740.0,5680.0
T0161,ANTI THYROID PEROXIDASE (ΤΡΟ),1310.0,1570.0
T0164,VITAMIN B-12 (SERUM),2640.0,3160.0
T0165,BETA HCG (SERUM),2293.0,2750.0
T0166,BUN (BLOOD UREA NITROGEN),348.0,410.0
T0167,C-Peptide,6234.0,7480.0
T0168,HEV Ab+IGM-TL,3001.0,3600.0
T0169,CA 19-9,10716.0,12850.0
T0170,CA-125 (CANCER ANTIGEN),2615.0,3130.0
T0172,ANTI HEV IgM,2293.0,2750.0
T0175,CEA (CARCINO - EMBRYONIC ANTIGEN),4560.0,5470.0
T0176,CK-MB (CREATINE KINASE - MB ISOENZYME),1043.0,1250.0
T0181,"CK,CPK (CREATINE PHOSPHOKINASE)",618.0,740.0
T0182,PROTEIN CSF,927.0,1110.0
T0184,DIGOXIN (LANΟΧΙΝ),2731.0,3270.0
T0185,ESTRADIOL (SERUM),2898.0,3470.0
T0186,BODY FLUID FOR ALBUMIN,631.0,750.0
T0187,AMYLASE (BODY FLUID),631.0,750.0
T0194,URINE FOR SPECIFIC GRAVITY,283.0,330.0
T0202,SERUM HAPTOGLOBIN,2950.0,3540.0
T0204,HOMOCYSTEINE,2383.0,2850.0
T0205,HS-CRP,1842.0,2210.0
T0206,IgA (IMMUNOGLOBULIN A),1481.0,1770.0
T0207,IgE (IMMUNOGLOBULIN E),1984.0,2380.0
T0210,URINE FOR SUGAR,283.0,330.0
T0211,STOOL REDUCING SUBSTANCE,270.0,320.0
T0212,LACTIC ACID,2396.0,2870.0
T0213,STOOL FOR FAT GLOBULES,386.0,460.0
T0214,L.D.H (SERUM/FLUID),592.0,710.0
T0215,"HEP, B PROFILE - TL",20737.0,24880.0
T0216,LITHIUM (SERUM),592.0,710.0
T0217,"HEPATITIS PROFILE FULL (A,B,C,D,E) - TL",22128.0,26550.0
T0218,GROWTH HORMONE,2962.0,3550.0
T0219,PARATHYRIOD HORMONE,2409.0,2890.0
T0222,PHOSPHORUS (SERUM),451.0,540.0
T0223,AMMONIA (PLASMA AMMONIA),1958.0,2340.0
T0227,PRO BNP,3000.0,3600.0
T0229,SERUM PROTIEN,696.0,830.0
T0230,PROTEIN A/G RATIO,696.0,830.0
T0231,PROTEIN ELECTROPHORESIS,850.0,1020.0
T0232,PSA (PROSTATIC SPECIFIC ANTIGEN),2615.0,3130.0
T0233,R.A FACTOR (Rheumatoid Arthritis Factor),824.0,980.0
T0234,R.A. FACTOR TITRE,1803.0,2160.0
T0235,RBC FOLATE,2409.0,2890.0
T0237,SERUM CERULOPLASMIN,,
T0238,PROGESTERONE,1404.0,1680.0
T0239,COPPER (SERUM),4134.0,4960.0
T0240,IRON (SERUM),966.0,1150.0
T0243,ICT-TB-TL,2808.0,3360.0
T0244,ECHINOCOCUS AB,2962.0,3550.0
T0246,T.I.B.C (IRON BINDING CAPACITY),914.0,1090.0
T0247,TROPONIN I,2396.0,2870.0
T0248,SPOT URINARY POTASSIOM,386.0,460.0
T0249,URINE FOR PROTEIN (24 hrs.),696.0,830.0
T0250,SPOT URINARY SODIUM,386.0,460.0
T0251,URINE FOR ALBUMIN - TL,219.0,260.0
T0252,SPOT URINARY AMYLASE,592.0,710.0
T0253,URINE FOR CALCIUM (24 hrs.) - TL,386.0,460.0
T0254,SPOT URINARY CREATININE,451.0,540.0
T0256,SPOT URINARY PROTIEN,554.0,660.0
T0258,VALPROIC ACID LEVEL,3594.0,4310.0
T0271,NG ASPIRATE C/S,1391.0,1660.0
T0273,D-DIMER (QUANTITATIVE),3053.0,3660.0
T0283,G.6 PD (glucose 6 phosphate dehydrogenase),2396.0,2870.0
T0284,HAEMOGLOBIN ELECTROPHORESIS,2640.0,3160.0
T0286,TL-LUPUS ANTI COAGULANT,3750.0,4500.0
T0292,PROTEIN C LEVEL,11128.0,13350.0
T0293,PROTEIN S LEVEL,11128.0,13350.0
T0294,RETICULOCYTE COUNT,386.0,460.0
T0427,TL-AMIKACIN,,
T0428,Protein C & S deficiency - TL,20724.0,24860.0
T0432,BSF (BLOOD GLUCOSE FASTING),348.0,410.0
T0459,URINE FOR KETONE BODIES,348.0,410.0
T0464,LIPASE (SERUM),1945.0,2330.0
T0470,PCT (PROCALCITONIN),5180.0,6210.0
T0471,ENDOTRACHEAL TUBE (ETT) FOR C/S,1391.0,1660.0
T0476,GLOBULIN (SERUM),322.0,380.0
T0477,RBS (BLOOD GLUCOSE RANDOM),348.0,410.0
T0478,ALBUMIN (SERUM),554.0,660.0
T0486,GRAM STAIN,451.0,540.0
T0505,ASOT (ANTISTREPTOLYSIN O TITRE),1159.0,1390.0
T0506,STOOL H.PYLORI ANTIGEN,2550.0,3060.0
T0507,URINE FOR PREGNANCY TEST(HCG/UCG/Urine P.T),554.0,660.0
T0508,HCV (SPOT METHOD),1133.0,1350.0
T0509,HBs Ag (spot method),1082.0,1290.0
T0516,STOOL OCCULT BLOOD,270.0,320.0
T0517,URINE FOR REDUCING SUBSTANCES,283.0,330.0
T0547,AMH (ANTI MULLERIAN HORMONE),3800.0,4560.0
T0548,FERRITIN,2293.0,2750.0
T0549,Vitamin D3 (25-Hydroxy),4096.0,4910.0
T0550,ANTI HAV IgM (antibody),2447.0,2930.0
T0551,HBs AG (ELISA),1520.0,1820.0
T0552,HCV (ELISA),2615.0,3130.0
T0553,FREE T3,1494.0,1790.0
T0554,FREE T4,1494.0,1790.0
T0555,TSH (THYROID STIMULATING HORMONE),1468.0,1760.0
T0556,HISTOPATHOLOGY (LARGE),3323.0,3980.0
T0557,CYTOLOGY,3400.0,4080.0
T0558,FNAC (fine needle aspiration cytology+procedure),2790.0,3340.0
T0559,PAP SMEAR (CERVICAL SMEAR),1842.0,2210.0
T0560,FSH (FOLLICLE STIMULATING HORMONE),1610.0,1930.0
T0561,L.H,1610.0,1930.0
T0562,PROLACTIN,1610.0,1930.0
T0563,INSULIN LEVEL,4431.0,5310.0
T0564,CORTISOL (SERUM),2640.0,3160.0
T0565,FOLATE (SERUM),2885.0,3460.0
T0566,LDL (SERUM),683.0,810.0
T0567,URINE FOR OSMOLALITY,2640.0,3160.0
T0568,TROPONIN-T,2731.0,3270.0
T0569,TORCH PROFILE (TOXO-RUBELLA-CMV-HERPES),15546.0,18650.0
T0570,TESTOSTERONE,1481.0,1770.0
T0571,ANA (ANTI NUCLEAR ANTIBODY),1803.0,2160.0
T0572,ANTI DNA (DEOXYRIBO NUCLEIC ACID ANTIBODY) - TL,4083.0,4890.0
T0573,ANTI HBc IgG (antibody) - TL,2099.0,2510.0
T0574,ANTI HBC IgM (antibody) - TL,2099.0,2510.0
T0575,ANTI HBC TOTAL (IgM & IgG antibodies) - TL,4199.0,5030.0
T0576,ANTI Hbe (antibody) - TL,4083.0,4890.0
T0577,ANTICARDIOLIPIN ANTI BODY (IgG),5216.0,6250.0
T0578,ANTICARDIOLIPIN ANTI BODY (IgM & IgG),12571.0,15080.0
T0579,ANTICARDIOLIPIN ANTI BODY (IgM),5216.0,6250.0
T0580,BRUCELLA ANTI BODY,811.0,970.0
T0581,CERALOPLASMIN - TL,2074.0,2480.0
T0582,CHIKUNGUNYA IGM,2859.0,3430.0
T0583,CMV (CYTOMAGALOVIRUS) IgG,2550.0,3060.0
T0584,CMV (CYTOMAGALOVIRUS) IgG & IgM,6041.0,7240.0
T0585,CMV (CYTOMAGALOVIRUS) IgM,3323.0,3980.0
T0586,HAI TEST FOR ECHINOCOCCUS,3851.0,4620.0
T0587,HAV IGM,2331.0,2790.0
T0588,HBE ANTIGEN,3941.0,4720.0
T0589,HBS ANTIBODY,2731.0,3270.0
T0590,HBV DNA BY PCR,9699.0,11630.0
T0591,HBV DNA PCR by Quantitative,29560.0,35470.0
T0592,HCV (SEROTYPING),15224.0,18260.0
T0593,TL-HCV RNA PCR (Qualitative),13833.0,16590.0
T0594,HCV RNA PCR (Quantitative),35922.0,43100.0
T0595,HELICOBACTER PYLORI (Antibody),3349.0,4010.0
T0596,M.T (MANTOUX TEST),515.0,610.0
T0597,TOXOPLASMOSIS (IgG),1159.0,1390.0
T0598,TOXOPLASMOSIS (IgM),2653.0,3180.0
T0599,AFB C/S (CSF),7689.0,9220.0
T0600,AFB C/S (PUS),7689.0,9220.0
T0603,ANTI-HIV,1500.0,1800.0
T0604,ANTI TISSUE TRANSGLUTAMINASE (IgA),4985.0,5980.0
T0605,ANTI TISSUE TRANSGLUTAMINASE IgG,2808.0,3360.0
T0606,TRPONIN-I (Quantitative),2099.0,2510.0
T0607,ANTI DELTA,2950.0,3540.0
T0608,STOOL C/S,1623.0,1940.0
T0609,ANAEROBIC CULTURE (ANY),1580.0,1890.0
T0610,BLOOD C/S,1829.0,2190.0
T0611,"BODY FLUID C/S(CSF, PLEURAL, ASCITIC)",1623.0,1940.0
T0612,BONE MARROW C/S,1623.0,1940.0
T0613,FUNGUS CULTURE,970.0,1160.0
T0614,HVS For $C/S$,1623.0,1940.0
T0615,PUS C/S,1623.0,1940.0
T0616,SEMEN FOR $C/S$,1623.0,1940.0
T0617,SPUTUM C/S,1623.0,1940.0
T0618,THROAT SWAB FOR $C/S$,1623.0,1940.0
T0619,URINE C/S,1623.0,1940.0
T0620,URETHERAL SWAB FOR GONOCOCCUS,451.0,540.0
T0624,ACID PHOSPHATASE,1159.0,1390.0
T0625,ALDOLASE,1777.0,2130.0
T0626,AMYLASE URINE (24 hrs./2hrs.),554.0,660.0
T0627,ANGIOTENSIN CONVERTING ENZYME LEVEL (ACE),5564.0,6670.0
T0632,BETA GLOBULIN (SERUM),2834.0,3400.0
T0635,CHOLINESTERASE,4173.0,5000.0
T0636,ESTROGEN,2898.0,3470.0
T0637,GAMMA GLOBULIN (SERUM),2035.0,2440.0
T0638,INSULIN GROWTH FACTOR (IGF-1),9261.0,11110.0
T0639,MYOGLOBIN (SERUM),1481.0,1770.0
T0640,RENIN LEVEL,9402.0,11280.0
T0641,URINE FOR TOXICOLOGY,8668.0,10400.0
T0642,VMA (VANILLYL MANDELIC ACID),1140.0,1360.0
T0643,H.PYLORI ANITBODY TITER,1958.0,2340.0
T0644,IHA AMOEBAISIS,3220.0,3860.0
T0645,MONO SPOT TEST (PAUL BUNNEL),2035.0,2440.0
T0646,RUBELLA ANTIBODIES (IgG),2331.0,2790.0
T0647,RUBELLA ANTIBODIES (IgM),2035.0,2440.0
T0648,HISTOPATHOLOGY (SMALL),3181.0,3810.0
T0649,URINE BILINOGEN,219.0,260.0
T0650,URINE FOR BILE PIGMENT,283.0,330.0
T0651,CARBAMEZAPEN/TEGRETOL LEVEL,2293.0,2750.0
T0652,PROTEIN ELECTROPHORSIS (CSF/URINE),1249.0,1490.0
T0653,RENAL CALCULI (STONE ANALYSIS),2782.0,3330.0
T0654,URINE FOR AMINO ACID CHROMATOGRAPHY (24 hrs.),5088.0,6100.0
T0655,24 HOURS URINE FOR 17-KETOSTEROID,5216.0,6250.0
T0656,ANA PROFILE,3851.0,4620.0
T0657,ANTI DOUBLE STRANDED DNA (ANTI dsDNA),3851.0,4620.0
T0658,IgG (IMMUNOGLOBULIN G),1481.0,1770.0
T0659,GENE XPERT (CSF),6917.0,8300.0
T0660,GENE XPERT (CSF),6917.0,8300.0
T0661,ANTI HDV (ANTIBODY),4083.0,4890.0
T0662,ANTI THYROGLOBULIN (ANTIBODY),5036.0,6040.0
T0663,COMPLIMENT C3,1636.0,1960.0
T0664,COMPLIMENT C4,1636.0,1960.0
T0665,HSV1 & HSV2 BY PCR,6929.0,8310.0
T0666,IgM (IMMUNOGLOBULIN M),1481.0,1770.0
T0667,PLASMA PHERESIS,53504.0,64200.0
T0676,BLEEDING TIME (BT),322.0,380.0
T0677,BLOOD CROSS MATCHING,1971.0,2360.0
T0678,BLOOD GROUP (FOR HAJJ),258.0,300.0
T0679,"BLOOD GROUPING, CROSS MATCHING & SCREENING",3851.0,4620.0
T0680,CLOTTING TIME (C.T),515.0,610.0
T0681,FFP CHARGES (SINGLE BAG),3091.0,3700.0
T0682,FIBRINOGEN LEVEL,1777.0,2130.0
T0683,PLASMA/MEGA UNIT PLATELETS,33400.0,40080.0
T0684,PLATELETS CHARGES (SINGLE BAG),3091.0,3700.0
T0685,RE-CROSS MATCH,2035.0,2440.0
T0686,RED CELL ANTENATAL SCREENING,2589.0,3100.0
T0688,WHOLE BLOOD (WB) / PACKED CELL VOLUME,5200.0,6240.0
T0689,ANTI HEV IgG (ANTIBODY),2885.0,3460.0
T0690,CL-URINE ALBUMIN CREATININE RATIO,1300.0,1560.0
T0692,CA-15,2750.0,3300.0
T0693,TL-Anti Phospholipid IgM,4280.0,5130.0
T0694,TL-Anti Phospholipid IgG,4280.0,5130.0
T0695,TL-Anti Cardiolipin Antibody IgM/IGg,6200.0,7440.0
T0696,TL-Serum Beta-2 Anti Gyco Protein IGg/IgM,4250.0,5100.0
T0697,TL-LBC Pap Smear,2850.0,3420.0
T0698,TL-ADA Level,3150.0,3780.0
T0699,CL-SERUM ASPERGILLUS SPECIFIC IgE,1850.0,2220.0
T0700,CL-SERUM ASPERGILLUS SPECIFIC IgG,1200.0,1440.0
T0701,CL-ER/PR/HER 2 NEU/Ki67,10000.0,12000.0
T0702,SAAG (Serum-Ascites Albumin Gradient),1200.0,1440.0
T0703,CL-CEA Level,2300.0,2760.0
T0704,CH-Bile Acid,2300.0,2760.0
T0705,CL-Urine for Toxicology,,
T0706,CL-SERUM PHENYTOIN LEVEL,1500.0,1800.0
T0707,CL-Hep-b Viral Load,6500.0,7800.0
T0708,CL-ALPHA-1 (ANTITRYPSIN SERUM CERULOPLASMIN),,
T0709,CL-PLASMA ZINC LEVEL,,
T0710,CL-PIVKA LEVEL,,
T0711,CL-Serum Erythropoirtin (EPO),,
T0712,CL-TOXOLOGY (IgM),,
T0713,CL-TOXOLOGY (IGg),,
T0714,CL-IGRA,,
T0715,CL-FOOD ALERGY,,
T0716,CL-Envoirmental Alergy,,
01-01-008,Cure Attain for 12 Hrs.,3851.0,4620.0
01-01-009,Cure Attain for 3 Hrs.,966.0,1150.0
01-01-010,Cure Attain for 6 Hrs.,1945.0,2330.0
01-01-011,Cure Attain for 9 Hrs.,2885.0,3460.0
01-01-012,EMERGENCY SERVICE,824.0,980.0
01-01-013,OXYGEN 12 hr,4353.0,5220.0
01-01-014,OXYGEN 24 hr,8720.0,10460.0
01-01-015,VACCINATIONS WITH SYRINGE,129.0,150.0
01-01-017,CATHATERISATION,618.0,740.0
01-01-018,NEBULISATION (With New KIT),502.0,600.0
01-01-021,BLOOD PRESSURE,103.0,120.0
01-01-022,BLOOD SUGAR,348.0,410.0
01-01-023,BLOOD TRANSFUSSION,1816.0,2170.0
01-01-024,C.T.G.,850.0,1020.0
01-01-025,Change of Colostomy Bag,850.0,1020.0
01-01-026,COLLIES OR SMITH,2885.0,3460.0
01-01-030,DRESSING LARGE,1043.0,1250.0
01-01-031,DRESSING MEDIUM,824.0,980.0
01-01-032,DRESSING SMALL,696.0,830.0
01-01-033,DRESSING-OT,1984.0,2380.0
01-01-034,DRIP,502.0,600.0
01-01-035,E.C.G.,592.0,710.0
01-01-038,EX-BLOOD TRANSFUSSION,6582.0,7890.0
01-01-039,FOLEYS CATHETER,592.0,710.0
01-01-040,1. V. CANULA,270.0,320.0
01-01-042,INJECTION (I/M) WITH SYRINGE,142.0,170.0
01-01-043,INJECTION (I/V) WITH SYRINGE,245.0,290.0
01-01-044,KLEEN ENEMA (Without ENEMA),618.0,740.0
01-01-045,NEBULISATION (With Personal KIT),270.0,320.0
01-01-047,NG TUBE,747.0,890.0
01-01-048,OXYGEN 1 hr,386.0,460.0
01-01-049,OXYGEN 1/2 hr,219.0,260.0
01-01-050,PARACENTASIS,1340.0,1600.0
01-01-057,STITCH REMOVING,142.0,170.0
01-01-058,STITCHING (1 Stitch),270.0,320.0
01-01-059,STITCHING (2 Stitch),502.0,600.0
01-01-060,STITCHING (5 Stitch),966.0,1150.0
01-01-062,Suctioning Procedure,361.0,430.0
01-01-064,TRINGULAR BANDAGE,219.0,260.0
01-01-156,SURGICAL SAFETY GOWN,1777.0,2130.0
01-01-157,DISPOSABLE GOWN,425.0,510.0
01-01-158,ANTENATAL REGISTRATION,1236.0,1480.0
01-01-160,BIRTH CIRTIFICATE,592.0,710.0
01-01-162,DEATH CERTIFICATE,258.0,300.0
01-01-163,DUPLICATE ATTENDANT CARD,258.0,300.0
01-01-164,DUPLICATE PAYMENT SLIP,77.0,90.0
01-01-165,EEG Test,5667.0,6800.0
01-01-168,HOSPITAL/SERVICE CHARGES,322.0,380.0
01-01-169,MEDICAL CERTIFICATE,592.0,710.0
01-01-171,PHOTOSTATE,64.0,70.0
06-01-001,ELECTROTHERAPY & PHYSIOTHERAPY,631.0,750.0
06-01-002,PHYSIOTHERAPY (E),631.0,750.0
06-01-003,PHYSIOTHERAPY (M),631.0,750.0
06-01-004,PHYSIOTHERAPY (N),631.0,750.0
11-01-020,POP BACK SLAB LARGE,4173.0,5000.0
13-01-035,ENDOSCOPIC BIOPSY,2782.0,3330.0
13-01-036,ENDOSCOPY,10471.0,12560.0
13-01-058,MINOR LA (O.P.D),6801.0,8160.0
210,Dialysis,,5250.0
01-01-027,CPR+ Defibrillations,2000.0,2400.0
01-01-037,Endotracheal Intubation (ETT),1391.0,1660.0
01-01-041,I/V Infusion,245.0,290.0
01-01-046,NEBULISATION with Oxygen (Personal KIT),350.0,420.0
01-01-051,Removal of Catheter,300.0,360.0
01-01-052,Removal of Dressing,200.0,240.0
01-01-053,REMOVAL OF MAJOR FOREIGN BODIED FORM THE LIMBS,4620.0,5540.0
01-01-054,REMOVAL OF SMALL FOREIGN BODIED OF LIMBS,2600.0,3120.0
01-01-055,REMOVAL OF STITCHES OF POST-OPERATIVE PATIENTS,1550.0,1860.0
01-01-056,REMOVAL OF STITCHES PLUS RE-POP BACKSLAB OF LIMBS,4620.0,5540.0
01-01-061,Stitching (5 Plus),1320.0,1580.0
01-01-063,Tracheostomy Maintenance,650.0,780.0
01-01-178,C-Arm Charges,5000.0,6000.0
06-01-005,CERVICAL PAIN MANAGEMENT,440.0,520.0
06-01-006,CP CHILD REHABILITATION,440.0,520.0
06-01-007,LUMBER PAIN MANAGEMENT,440.0,520.0
06-01-008,MUSCLE STRENGTH TREATMENT,440.0,520.0
06-01-009,PAIN MANAGEMENT & JOINT MOBILIZATION,440.0,520.0
06-01-010,REHABILITATION FOR CVA PATIENT,440.0,520.0
10-01-001,ALVEOPLASTY,4766.0,5710.0
10-01-002,CAST METAL DENTURE,33515.0,40210.0
10-01-004,COMPLETE DENTURE,33952.0,40740.0
10-01-006,COMPLICATED SURGERY,5667.0,6800.0
10-01-007,CROWN PORCELAIN,7934.0,9520.0
10-01-008,CROWN PORCELAIN (PER VISIT),3000.0,3600.0
10-01-009,DENTAL,824.0,980.0
10-01-010,DENTAL (2nd VISIT),219.0,260.0
10-01-011,DENTAL DRESSING,451.0,540.0
10-01-012,DENTAL IMPLANT,140263.0,168310.0
10-01-013,DENTAL SCREW POST PIN,2409.0,2890.0
10-01-014,Denture Repair,2400.0,2880.0
10-01-015,Die Cutting Crown,8700.0,10440.0
10-01-016,EXTRACTION ANTERIOR TEETH,696.0,830.0
10-01-017,EXTRACTION POSTERIOR TEETH,927.0,1110.0
10-01-018,FILLING AMALGUM,1249.0,1490.0
10-01-019,FILLING COMPOSITE,2293.0,2750.0
10-01-020,FILLING LIGHT CURE,1829.0,2190.0
10-01-021,Flexible Full Denture,73150.0,87780.0
10-01-022,Flexible Per Tooth,4000.0,4800.0
10-01-023,GINGIVECTOMY,4766.0,5710.0
10-01-024,JACKET CROWN (ACRILIC PLASTIC),1984.0,2380.0
10-01-025,METAL CROWN,4791.0,5740.0
10-01-026,METAL CROWN PARTIAL,2409.0,2890.0
10-01-027,NIGHT GUARD HARD,5667.0,6800.0
10-01-028,NIGHT GUARD SOFT,6801.0,8160.0
10-01-029,ONLAY,2409.0,2890.0
10-01-030,Ortho Appliances,18150.0,21780.0
10-01-031,ORTHODONTIC BRACES TREATMENT,21819.0,26180.0
10-01-032,ORTHODONTIC BRACES VISIT,5023.0,6020.0
10-01-033,PAEDO Procedure,48000.0,57600.0
10-01-034,PARTIAL DENTURE,1300.0,1560.0
10-01-035,PROCELAIN FUSED TO METAL CROWN (PER UNIT),5422.0,6500.0
10-01-036,PROCELAIN FUSED TO METAL CROWN (PER UNIT) PARTIAL,2731.0,3270.0
10-01-037,PULPECTOMY (1/3 INSTALLMENT OF RS. 1920),1211.0,1450.0
10-01-038,PULPOTOMY (1/3 INSTALLMENT OF RS. 1920),1211.0,1450.0
10-01-042,Re-Cementation Crown Per Tooth,950.0,1140.0
10-01-043,REMOVABLE WIRE BRACES (RETAINER),11322.0,13580.0
10-01-044,RETAINER SIMPLE,10201.0,12240.0
10-01-045,RETAINER WITH CHANGES,15855.0,19020.0
10-01-046,ROOT CANAL TREATMENT,7174.0,8600.0
10-01-047,ROOT CANAL TREATMENT (MULTI ROOTED),7174.0,8600.0
10-01-050,SCALING GUM TREATMENT,4302.0,5160.0
10-01-051,SCALING + POLISHING,2743.0,3290.0
10-01-053,SILVER FILLING,1249.0,1490.0
10-01-054,SIMPLE EXTRACTION,477.0,570.0
10-01-056,SURGICAL EXTRACTION,3400.0,4080.0
10-01-057,TEETH WHITENING,35665.0,42790.0
10-01-058,TEMPORARY FILLING,824.0,980.0
10-01-059,VENEERS,37404.0,44880.0
10-01-060,Wisdom Tooth Extract (Minor G/A),21800.0,26160.0
10-01-061,Wisdom Tooth Extract (Minor L/A),13900.0,16680.0
10-01-062,X-RAY,477.0,570.0
10-01-064,Zarconia Crown Installment,14600.0,17520.0
10-01-065,ZIRCONIA CROWN,37404.0,44880.0
11-01-002,ABOVE ELBOW,2743.0,3290.0
11-01-003,ABOVE KNEE,3336.0,4000.0
11-01-004,ANKLE & FOOT,1842.0,2210.0
11-01-005,ASPIRATION OF BLOOD KNEE JOINT WITH POP CYLINDER BACKSLAB LEG AND THIGH,4600.0,5520.0
11-01-006,BELOW ELOBOW,2743.0,3290.0
11-01-007,BELOW KNEE,2743.0,3290.0
11-01-008,BOOT SHAPE,3336.0,4000.0
11-01-009,EXCISION OF INFECTED INGROWIN TOA NAIL +DEBRIDEMENT OF NAIL BED MARGIN,4600.0,5520.0
11-01-010,EXCISION OF INGROWIN TOE NAIL,2600.0,3120.0
11-01-011,FOOT & KNEE,5487.0,6580.0
11-01-012,FRACTURE OF FINGER BONE + STRAPPING + COCKUP SPRINT POP,2600.0,3120.0
11-01-013,HANGING CAST (U.SLING FOR HUMEROUS),2524.0,3020.0
11-01-014,HIP SPICA,5487.0,6580.0
11-01-015,I/A INJECTION (INTER ARTICULAR),2808.0,3360.0
11-01-016,JOINT ASPIRATION,2808.0,3360.0
11-01-017,LONG WOUND DEBRIDEMENT + CURATE WOUND BED,4600.0,5520.0
11-01-018,MAINPULATION OF FRACTURES + POP BACKSLAB,2600.0,3120.0
11-01-019,MAINPULATION OF MAJOR FRACTURES + POP BACKSLAB,4600.0,5520.0
11-01-021,POP BACK SLAB SMALL (PLASTER OF PARIS),2808.0,3360.0
11-01-022,POP CAST,5564.0,6670.0
11-01-023,POP Removing For Outside Patients,592.0,710.0
11-01-024,POP WITHOUT MATERIAL,1687.0,2020.0
11-01-025,RADIUS & ULNA,2743.0,3290.0
11-01-026,SMALL WOUND DEBRIDEMENT + CURATE OF LIMBS,2600.0,3120.0
12-01-001,BIOPSY SKIN UNDER LA (PUNCH),4791.0,5740.0
12-01-002,BOTOX/DERMAL FILLERS,18150.0,21780.0
12-01-003,CAUTERY (MAJOR),2900.0,3480.0
12-01-004,CAUTERY (MAJOR) MULTIPLE,7260.0,8710.0
12-01-005,"CAUTERY FOR REMOVAL OF SKIN TAGS, WARTS AND MOLES",2900.0,3480.0
12-01-006,CAUTERY MULTIPLES,2924.0,3500.0
12-01-007,CAUTERY SOLITARY LESION,1443.0,1730.0
12-01-008,CHEMICAL CAUTERISATION,2409.0,2890.0
12-01-009,COMEDONE EXTRACTION,696.0,830.0
12-01-010,CORN REMOVAL,2293.0,2750.0
12-01-011,ELECTROLYSIS (PER SITTING/VISIT),1829.0,2190.0
12-01-012,ENUCLETION OF MOLLUSCUM,4791.0,5740.0
12-01-013,EXCISIAN BIOPSY SKIN UNDER LA,14387.0,17260.0
12-01-014,FACIAL REJUVENATION,9518.0,11420.0
12-01-015,HIFU FACE,6600.0,7920.0
12-01-016,HIFU FACE & NECK,13300.0,15960.0
12-01-017,HIFU NECK,10000.0,12000.0
12-01-018,HYDRAFACIAL CAT-A PER SESSION,6050.0,7260.0
12-01-019,HYDRAFACIAL CAT-B PER SESSION,4600.0,5520.0
12-01-020,HYDRAFACIAL CAT-C PER SESSION,3400.0,4080.0
12-01-021,& D LARGE,1100.0,1320.0
12-01-022,1 & D SMALL,670.0,800.0
12-01-023,IN GROWING TOE NAIL (MAJOR),7300.0,8760.0
12-01-024,IN GROWING TOE NAIL (MINOR),3600.0,4320.0
12-01-025,INTRA LESIONAL INJECTION MULTIPLE SITES,4791.0,5740.0
12-01-026,LASER HAIR REMOVAL (Per Session),2900.0,3480.0
12-01-027,LASER HAIR REMOVAL CHIN,7148.0,8570.0
12-01-028,LASER HAIR REMOVAL FULL ARMS,16667.0,20000.0
12-01-029,LASER HAIR REMOVAL FULL FACE,11927.0,14310.0
12-01-030,LASER HAIR REMOVAL FULL LEGS,19024.0,22820.0
12-01-031,LASER HAIR REMOVAL HALF ARMS,11927.0,14310.0
12-01-032,LASER HAIR REMOVAL HALF FACE,9518.0,11420.0
12-01-033,LASER HAIR REMOVAL HALF LEGS,14284.0,17140.0
12-01-034,LASER HAIR REMOVAL UNDER ARMS,7148.0,8570.0
12-01-035,LASER HAIR REMOVAL UPPER LIP,4766.0,5710.0
12-01-036,LASER SKIN REJUVENATION (FULL CHEEKS),4400.0,5280.0
12-01-037,LASER SKIN REJUVENATION (FULL FACE),5850.0,7020.0
12-01-039,MICRODERMABRASION/DERMA ROLLER,7300.0,8760.0
12-01-040,MILIA REMOVAL,1159.0,1390.0
12-01-041,P/D PEN FRECKLES,3594.0,4310.0
12-01-042,P/D PEN MILIA,2396.0,2870.0
12-01-043,P/D PEN MOLE,4766.0,5710.0
12-01-044,P/D PEN MOLE MULTIPLE,7148.0,8570.0
12-01-045,P/D PEN SKIN TAG,2396.0,2870.0
12-01-046,P/D PEN SKIN TAG MULTIPLE,3594.0,4310.0
12-01-047,P/D PEN SYRINGOMAS,3594.0,4310.0
12-01-048,P/D PEN WARTS REMOVAL,2396.0,2870.0
12-01-049,P/D PEN WARTS REMOVAL MULTIPLE,3594.0,4310.0
12-01-050,PEELING OF FACE (PER SITTING) FULL,4791.0,5740.0
12-01-051,PEELING OF FACE (PER SITTING) HALF,3594.0,4310.0
12-01-052,PEELING OF FACE (PER SITTING) QUARTER,2409.0,2890.0
12-01-053,PRP FOR FACE & HAIR (Per Session),10600.0,12720.0
12-01-056,PRP HAIR THERAPY,18300.0,21960.0
12-01-057,SIMPLE EXTRACTION,477.0,570.0
12-01-058,WHITENING INJECTION,8800.0,10560.0
12-01-059,Intra Lesiamal Therapy,2537.0,3040.0
13-01-012,Arteriovenous Fistula,33200.0,39840.0
13-01-013,Arteriovenous Fistula (Deserving Patients),13300.0,15960.0
13-01-014,ASPIRATION+ BIOPSY,3349.0,4010.0
13-01-015,ASPIRATION CHEST DIAGNOSTIC,1159.0,1390.0
13-01-016,ASPIRATION FLUID BLOOD KNEE JOINT+INTRA ARTICULAR INJ,2550.0,3060.0
13-01-017,ASPIRATION OF FLUID (ASCITIES),1765.0,2110.0
13-01-018,BANDING/SCLEROTHERAPY,11012.0,13210.0
13-01-021,CIRCUMCISION (1 to 2 Years),5390.0,6460.0
13-01-022,CIRCUMCISION (2 to 5 Years),6600.0,7920.0
13-01-023,CIRCUMCISION (Less Than 1 Year),3950.0,4740.0
13-01-024,CIRCUMCISION PRIVATE (1 to 2 Years),7370.0,8840.0
13-01-025,CIRCUMCISION PRIVATE (2 to 5 Years),8700.0,10440.0
13-01-026,CIRCUMCISION PRIVATE (Less Than 1 Year),6050.0,7260.0
13-01-027,COLONOSCOPY,15400.0,18480.0
13-01-028,COST OF BAND,27409.0,32890.0
13-01-029,DRESSING (BURN OT),5242.0,6290.0
13-01-030,DRESSING (LARGE),1043.0,1250.0
13-01-031,DRESSING (MEDIUM),824.0,980.0
13-01-032,DRESSING (SMALL),696.0,830.0
13-01-034,EAR SUCTION,283.0,330.0
13-01-038,ENDOSCOPY BIOPSY,11901.0,14280.0
13-01-039,ENDOSCOPY + DILATION,29040.0,34840.0
13-01-040,ENDOSCOPY SCLEROTHERAPY FOR FUNDAL VARICES,26620.0,31940.0
13-01-042,GASTROSCOPY + DILATION,19970.0,23960.0
13-01-043,I/V Infusion,300.0,360.0
13-01-044,IM (Injection I/M),100.0,120.0
13-01-045,INJECTION (INTRAARTICULAR),1765.0,2110.0
13-01-046,INTRA ARTICULAR INJECTION MAJOR JOINTS,2600.0,3120.0
13-01-047,INTRA ARTICULAR INJECTION MINOR JOINTS,1550.0,1860.0
13-01-048,Intra Uterine Device,1236.0,1480.0
13-01-049,LOCAL INJECTION OF TENDON SHEETH,1550.0,1860.0
13-01-050,LUMBO PUNCTURE,2640.0,3160.0
13-01-051,MAJOR L/A PROCEDURE,3259.0,3910.0
13-01-052,MAJOR LA (Dressing) ORTHO,6801.0,8160.0
13-01-053,MEDICAL EXAMINATION FOR DISABILITY,650.0,780.0
13-01-054,MEDIUM L/A PROCEDURE,2615.0,3130.0
13-01-055,MEDIUM LA (Dressing) ORTHO,4212.0,5050.0
13-01-056,MINOR L/A PROCEDURE,1958.0,2340.0
13-01-057,MINOR LA (Dressing) ORTHO,2640.0,3160.0
13-01-059,MINOR LA (O.P.D)-Ortho,3259.0,3910.0
13-01-060,MINOR LA O.P.D (NEURO),11901.0,14280.0
13-01-062,NEBULISATION with Oxygen (Personal KIT),400.0,480.0
13-01-063,Nova Ject Injection,451.0,540.0
13-01-064,OPD CONSULTANCY DRESSING,786.0,940.0
13-01-065,OT Charges For PRP Injection,11322.0,13580.0
13-01-066,PEDOGRAPH,700.0,840.0
13-01-067,PEG,59441.0,71320.0
13-01-068,PFT/LUNG FUNCTION,1765.0,2110.0
13-01-069,PNEUMATIC ESOPHAGEAL DILATION,33200.0,39840.0
13-01-071,POLYPECTOMY,11927.0,14310.0
13-01-072,POST OPERATIVE DRESSING,2640.0,3160.0
13-01-073,POST OPERATIVE DRESSING ORTHO,2190.0,2620.0
13-01-074,PROCTOSCOPY,2640.0,3160.0
13-01-075,Psychiatrist/Psychologist Session,400.0,480.0
13-01-076,Random Blood Sugar (RBS),240.0,280.0
13-01-077,REMOVAL OF FOREIGN BODY,13000.0,15600.0
13-01-078,REMOVAL OF POLYP,16000.0,19200.0
13-01-079,SCLEROTHERAPY,21419.0,25700.0
13-01-081,SLINGS,142.0,170.0
13-01-082,SPINAL TAP,1945.0,2330.0
13-01-083,STOMACH LEVAGE (WITH NG TUBE) FOR AFB,1340.0,1600.0
13-01-084,STOMACH WASH,824.0,980.0
13-01-085,TRANSFORAMINAL EPIDURAL STEROID INJECTION,8700.0,10440.0
13-01-086,VACCINATION,142.0,170.0
13-01-088,Vacuum Dressing Large Wounds,11231.0,13470.0
13-01-089,Vacuum Dressing Small Wounds,7483.0,8970.0
13-01-090,VARICOSE VEIN Injection Sclerotherapy,33000.0,39600.0
13-01-091,VARICOSE VEIN Injection Sclerotherapy (With Medicines),40000.0,48000.0
13-01-093,SIGMOIDOSCOPY,10000.0,12000.0
13-01-094,SIGMOIDOSCOPY + BIOPSY,12000.0,14400.0
13-01-095,COLONOSCOPY + BIOPSY,17500.0,21000.0
13-01-096,FDL Procedure 01,2750.0,3300.0
13-01-097,FDL Procedure 02,5000.0,6000.0
13-01-099,DL CATHETER,4000.0,4800.0
02-01-001,ANOMALY SCAN,2396.0,2870.0
02-01-002,APPENDIX U/S + RIF,2331.0,2790.0
02-01-003,BRAIN,2396.0,2870.0
02-01-004,BREAST,2885.0,3460.0
02-01-005,CHEST,2177.0,2610.0
02-01-006,FWB/OBSTETRIC ULTRASOUND,1597.0,1910.0
02-01-007,GALL BLADDER,1945.0,2330.0
02-01-008,GUIDED ASPIRATION LIVER ABCESS,4778.0,5730.0
02-01-009,GUIDED ASPIRATION OVARIAM CYST,4778.0,5730.0
02-01-010,GUIDED ASPIRATION PANCREATIC CYST,4778.0,5730.0
02-01-011,GUIDED ASPIRATION PLURAL FLUID - CHEST,5989.0,7180.0
02-01-012,GUIDED ASPIRATION RENAL CYST,4778.0,5730.0
02-01-013,GUIDED PROCEDURES BIOPSY,6852.0,8220.0
02-01-014,GUIDED PUNCTURE OF CATHER BALLOON,2653.0,3180.0
02-01-015,KUB,2396.0,2870.0
02-01-016,KUB & PROSTATE,2885.0,3460.0
02-01-017,KUB PELVIS,2885.0,3460.0
02-01-018,LIMITED ULTRASOUND (SINGLE ORGAN),1275.0,1530.0
02-01-019,LIPOMA (Swelling of any reagion),1945.0,2330.0
02-01-020,LIVER & GALL BLADDER (GB),2177.0,2610.0
02-01-021,LOWER ABDOMEN,2640.0,3160.0
02-01-022,PATENCY OF VESSELS (LEGS FOR DVT),4560.0,5470.0
02-01-023,PELVIS,1597.0,1910.0
02-01-024,PORTABLE ULTRASOUND CHARGES,927.0,1110.0
02-01-025,PROSTATE,2074.0,2480.0
02-01-026,SWELLING OF ANY REGION WITH DOPLER,4302.0,5160.0
02-01-027,THYROID,2885.0,3460.0
02-01-028,TRANS-VAGINAL SCAN (TVS),3684.0,4420.0
02-01-029,TRANSRECTAL U/S FOR PROSTATE (TRUS),4083.0,4890.0
02-01-030,U/S Bladder,1636.0,1960.0
02-01-031,U/S FAST FOR TRAUMA,1674.0,2000.0
02-01-032,U/S GUIDED AMNIOCENTASIS,3684.0,4420.0
02-01-033,U/S GUIDED ASCITIC TAP,5989.0,7180.0
02-01-034,U/S GUIDED BIOPSY. (LIVER / MASS),8269.0,9920.0
02-01-035,U/S GUIDED LIVER ABSCESS ASPIRATION,8269.0,9920.0
02-01-036,U/S GUIDED PICC LINE PLACEMENT. (WITHOUT KIT),30951.0,37140.0
02-01-037,U/S GUIDED PIGTAIL CATHETER PLACEMENT. (WITHOUT KIT),10343.0,12410.0
02-01-038,U/S HIP JOINT,1945.0,2330.0
02-01-039,U/S SPINE FOR NEONATE/INFANTS,3117.0,3740.0
02-01-040,UPPER ABDOMEN,2640.0,3160.0
02-01-041,WHOLE ABDOMEN & PELVIC,3851.0,4620.0
05-01-001,Exercise Tolerance Test - ETT,3203.0,3840.0
03-01-001,(R) LATERAL PITUITARY FOSSA (ONE VIEW),966.0,1150.0
03-01-002,ABDOMEN AP/LATERAL VIEW,1945.0,2330.0
03-01-003,ABDOMEN DECUBITUS,966.0,1150.0
03-01-004,ABDOMEN ERECT,966.0,1150.0
03-01-005,ABDOMEN ES,1945.0,2330.0
03-01-006,ABDOMEN LEFT LATERAL,966.0,1150.0
03-01-007,ABDOMEN RIGHT LATERAL,966.0,1150.0
03-01-008,ABDOMEN SUPINE X-RAY,966.0,1150.0
03-01-009,ANKLE AP VIEW,966.0,1150.0
03-01-010,ANKLE AP/LAT,1468.0,1760.0
03-01-011,ANKLE LEFT AP LATERAL,1468.0,1760.0
03-01-012,ANKLE RIGHT AP LATERAL VIEW,1468.0,1760.0
03-01-013,ANTEGRADE PYELOGRAM,8205.0,9840.0
03-01-014,ARM LEFT AP LATERAL,1945.0,2330.0
03-01-015,ARM LEFT AP VIEW,966.0,1150.0
03-01-016,ARM RIGHT AP LATERAL,1945.0,2330.0
03-01-017,ARM RIGHT AP VIEW,966.0,1150.0
03-01-018,Ba FOLLOW THROUGH,10549.0,12650.0
03-01-019,Ba. ENEMA D/C,8205.0,9840.0
03-01-020,Ba. ENEMA S/C,5204.0,6240.0
03-01-021,Ba. GG F/T,16577.0,19890.0
03-01-022,Ba. MEAL,5487.0,6580.0
03-01-023,Ba. MEAL F/T,7290.0,8740.0
03-01-024,Ba. SWALLOW,5049.0,6050.0
03-01-025,Ba. SWALLOW/MEAL,9724.0,11660.0
03-01-026,Ba. SWALLOW/MEAL/F/T,12828.0,15390.0
03-01-027,BABY GRAM,1404.0,1680.0
03-01-028,BASE OF SKULL,966.0,1150.0
03-01-029,BOTH HIP JOINT AP/LAT (TWO VIEW),1945.0,2330.0
03-01-030,C-Arm (X-ray) Image Intensifier (for Med/Maj Sur.),6852.0,8220.0
03-01-031,CArm -(X-ray) Image Intensifier (for Minor Sur.),3684.0,4420.0
03-01-032,CALCANIUM AP/LATERAL,1468.0,1760.0
03-01-033,CERVICAL SPINE ADDITIONAL,966.0,1150.0
03-01-034,CERVICAL SPINE AP/LATERAL,1945.0,2330.0
03-01-035,CERVICAL SPINE FLEXION/EXTENSION,1945.0,2330.0
03-01-036,CERVICAL SPINE OBLIQUE BOTH VIEW,1945.0,2330.0
03-01-037,CHEST AP LATERAL,1945.0,2330.0
03-01-038,CHEST AP VIEW,966.0,1150.0
03-01-039,CHEST APICAL/LORDOTIC,966.0,1150.0
03-01-040,CHEST LEFT LATERAL,966.0,1150.0
03-01-041,CHEST LEFT LATERAL DECUBITUS,966.0,1150.0
03-01-042,CHEST OBLIQUE VIEW,966.0,1150.0
03-01-043,CHEST P.A. VIEW,966.0,1150.0
03-01-044,CHEST PORTABLE,1236.0,1480.0
03-01-045,CHEST RIGHT LATERAL,966.0,1150.0
03-01-046,CLAVICLE,966.0,1150.0
03-01-047,CYSTOGRAM,7290.0,8740.0
03-01-048,DORSAL LUMBER SPINE AP LAT,1945.0,2330.0
03-01-049,DORSAL SPINE AP/LAT,1945.0,2330.0
03-01-050,DORSAL SPINE LATERAL VIEW,966.0,1150.0
03-01-051,DORSAL SPINE OBLIQUE,966.0,1150.0
03-01-052,ELBOW JOINT AP VIEW,966.0,1150.0
03-01-053,ELBOW JOINT LAT VIEW,966.0,1150.0
03-01-054,ELBOW JOINT LEFT AP/LATERAL,1468.0,1760.0
03-01-055,ELBOW JOINT RIGHT AP/LATERAL,1468.0,1760.0
03-01-056,ELBOW PORTABLE,1404.0,1680.0
03-01-057,FACE LATERAL VIEW,966.0,1150.0
03-01-058,FACE PA LATERAL VIEW,1945.0,2330.0
03-01-059,FACE PA VIEW,966.0,1150.0
03-01-060,FEMUR AP VIEW,966.0,1150.0
03-01-061,FEMUR LAT VIEW,966.0,1150.0
03-01-062,FEMUR LATERAL AP LATERAL,1945.0,2330.0
03-01-063,FEMUR RIGHT AP LATERAL,1945.0,2330.0
03-01-064,FINGERS AP/LAT,1468.0,1760.0
03-01-065,FISTULOGRAM,6852.0,8220.0
03-01-066,FOOT AP VIEW,966.0,1150.0
03-01-067,FOOT LAT VIEW,966.0,1150.0
03-01-068,FOOT LT AP LATERAL VIEW,1945.0,2330.0
03-01-069,FOOT LT PORTABLE,1159.0,1390.0
03-01-070,FOOT RIGHT PORTABLE,1159.0,1390.0
03-01-071,FOOT RT AP LATERAL VIEW,1945.0,2330.0
03-01-072,FOREARM AP VIEW,966.0,1150.0
03-01-073,FOREARM LAT VIEW,966.0,1150.0
03-01-074,FOREARM LT AP LATERAL,1945.0,2330.0
03-01-075,FOREARM RT AP LATERAL,1945.0,2330.0
03-01-076,FRONTO OCCAPITAL VIEW,966.0,1150.0
03-01-077,GASTROGRAFIN LOOPGRAM,10021.0,12020.0
03-01-078,GASTROGRAFIN MEAL/F.T,11437.0,13720.0
03-01-079,GASTROGRAFIN SWALLOW,7290.0,8740.0
03-01-080,HAND LT AP LATERAL VIEW,1468.0,1760.0
03-01-081,HAND RIGHT AP/LAT VIEW,1468.0,1760.0
03-01-082,HEEL AP VIEW,966.0,1150.0
03-01-083,HEEL LAT VIEW,966.0,1150.0
03-01-084,HEEL LT AP/LATERAL VIEW,1468.0,1760.0
03-01-085,HEEL RIGHT AP/LATERAL VIEW,1468.0,1760.0
03-01-086,HIP AP VIEW,966.0,1150.0
03-01-087,HIP JOINT LT AP LATERAL,1945.0,2330.0
03-01-088,HIP JOINT RIGHT AP/LATERAL,1945.0,2330.0
03-01-089,HIP LATERAL VIEW,966.0,1150.0
03-01-090,HUMEROUS AP PORTABLE,1468.0,1760.0
03-01-091,HUMEROUS AP/VIEW,966.0,1150.0
03-01-092,HUMEROUS LAT PORTABLE,1468.0,1760.0
03-01-093,HUMEROUS LAT/VIEW,966.0,1150.0
03-01-094,HUMEROUS LEFT AP/LATERAL,1945.0,2330.0
03-01-095,HUMEROUS RIGHT AP/LATERAL,1945.0,2330.0
03-01-096,HYSTEROSALPINGOGRAPHY (HSG),7483.0,8970.0
03-01-097,INTERNAL AUDITORY MEATUS,966.0,1150.0
03-01-098,IVP,8205.0,9840.0
03-01-099,IVP DOUBLE DOSE,11437.0,13720.0
03-01-100,IVP WITH NIC DOUBLE DOSE,22785.0,27340.0
03-01-101,IVP with Ominipaque (Nonionic Study),15984.0,19180.0
03-01-102,KNEE JOINT AP PORTABLE,1468.0,1760.0
03-01-103,KNEE JOINT AP VIEW,966.0,1150.0
03-01-104,KNEE JOINT LAT PORTABLE,1468.0,1760.0
03-01-105,KNEE JOINT LAT VIEW,966.0,1150.0
03-01-106,KNEE JOINT LATERAL AP LATRAL,1945.0,2330.0
03-01-107,KNEE JOINT RT AP/LATERAL,1945.0,2330.0
03-01-108,KNEE SKYLINE VIEW,966.0,1150.0
03-01-109,KNEE TUNNEL VIEW,966.0,1150.0
03-01-110,KUB (CHILD 01 ΤΟ 11 YEAR) (ONE VIEW),966.0,1150.0
03-01-111,KUB (KIDNEY URETER BLADDER),966.0,1150.0
03-01-112,LEG AP VIEW,966.0,1150.0
03-01-113,LEG LAT VIEW,966.0,1150.0
03-01-114,LEG LEFT AP LATERAL,1945.0,2330.0
03-01-115,LEG RT AP LATERAL,1945.0,2330.0
03-01-116,LUMBO SACRAL OBLIQUE VIEW,966.0,1150.0
03-01-117,LUMBO SACRAL SPINE AP VIEW,1945.0,2330.0
03-01-118,LUMBO SACRAL SPINE AP/LATERAL,1945.0,2330.0
03-01-119,LUMBO SACRAL SPINE EXTENSION/FLEX ION,1945.0,2330.0
03-01-120,LUMBO SACRAL SPINE LATERAL VIEW,966.0,1150.0
03-01-121,MANDIBLE LT AP LATERAL VIEW,1945.0,2330.0
03-01-122,MANDIBLE AP VIEW,966.0,1150.0
03-01-123,MANDIBLE LATERAL VIEW,966.0,1150.0
03-01-124,MANDIBLE RT.AP LATERAL VIEW,1945.0,2330.0
03-01-125,MANDIBLE RT OBLIQUE,966.0,1150.0
03-01-126,MASTOID LEFT LATERAL,966.0,1150.0
03-01-127,MASTOID RIGHT LATERAL,966.0,1150.0
03-01-128,MICTURATING CYSTOGRAM THROGRAM,7290.0,8740.0
03-01-129,NASAL BONE,966.0,1150.0
03-01-130,NECK AP LATERAL VIEW,1945.0,2330.0
03-01-131,NECK AP VIEW,966.0,1150.0
03-01-132,NECK LATERAL VIEW,966.0,1150.0
03-01-133,OCCIPITOMENTAL VIEW,966.0,1150.0
03-01-134,OPEN MOUTH,966.0,1150.0
03-01-135,ORBIT LEFT AP/LAT,1945.0,2330.0
03-01-136,ORBIT PA VIEW,966.0,1150.0
03-01-137,ORBIT RIGHT AP/LAT,1945.0,2330.0
03-01-138,PNS AP/LAT VIEW,1945.0,2330.0
03-01-139,PARANASAL SINUSES LATERAL (PNS),966.0,1150.0
03-01-140,PARANASAL SINUSES LATERAL (VIEW),966.0,1150.0
03-01-141,PELVIS AP VIEW,966.0,1150.0
03-01-142,PELVIS AP/LAT (TWO VIEW),1945.0,2330.0
03-01-143,PELVIS LATERAL VIEW,966.0,1150.0
03-01-144,PITUITORY FOSSA,966.0,1150.0
03-01-145,PNS AP,966.0,1150.0
03-01-146,POST NASAL SPACE,966.0,1150.0
03-01-147,RADIUS ULNA AP VIEW,966.0,1150.0
03-01-148,RADIUS ULNA LAT VIEW,966.0,1150.0
03-01-149,RADIUS ULNA LT AP LATERAL,1468.0,1760.0
03-01-150,RADIUS ULNA RT AP LATERAL,1468.0,1760.0
03-01-151,RETRO GRADE PYELOGRAM,7290.0,8740.0
03-01-152,RETRO GRADE PYELOGRAM BILATRAL,13691.0,16420.0
03-01-153,RING FINGER AP LATERAL,966.0,1150.0
03-01-154,SACRO COCCYX SPINE AP,966.0,1150.0
03-01-155,SACRO COCCYX SPINE AP LATERAL,1945.0,2330.0
03-01-156,SACRO COCCYX SPINE AP LATERAL VIEW,1945.0,2330.0
03-01-157,SACRO COCCYX SPINE AP/LAT VIEW,1945.0,2330.0
03-01-158,SACROILIAC JOINT (TWO VIEWS),1945.0,2330.0
03-01-159,SACROILIAC JOINT THREE VIEW,2396.0,2870.0
03-01-160,SACROILIAC JOINT VIEW,966.0,1150.0
03-01-161,SCAPULA AP/LAT VIEW,1945.0,2330.0
03-01-162,SHOULDER LATERAL VIEW,966.0,1150.0
03-01-163,SHOULDER AP VIEW,966.0,1150.0
03-01-164,SHOULDER LF AP LATERAL,1945.0,2330.0
03-01-165,SHOULDER RT AP/LATERAL,1945.0,2330.0
03-01-166,SINOGRAM,6852.0,8220.0
03-01-167,SKELETAL SURVEY,11437.0,13720.0
03-01-168,SKULL AP VIEW,966.0,1150.0
03-01-169,SKULL AP/LATERAL VIEW,1945.0,2330.0
03-01-170,SKULL FOR TWONES VIEW,966.0,1150.0
03-01-171,SKULL LAT PORTABLE,1236.0,1480.0
03-01-172,STERNO CLAVICULAR JOINT,966.0,1150.0
03-01-173,STERNUM AP VIEW,966.0,1150.0
03-01-174,STERNUM AP/LAT. (TWO VIEW),1945.0,2330.0
03-01-175,STERNUM BONE AP LATERAL,1945.0,2330.0
03-01-176,STERNUM LAT VIEW,966.0,1150.0
03-01-178,T-TUBE CHOLANGIOGRAM,7290.0,8740.0
03-01-179,TEMPORO MANDIBULAR JOINT (TMJ) RIGHT,1945.0,2330.0
03-01-180,TEMPORO MANDIBULAR JOINT (TMJ)LT,1945.0,2330.0
03-01-181,THORASIC SPINE AP/LATERAL,1945.0,2330.0
03-01-182,THORASIC SPINE LAT VIEW,966.0,1150.0
03-01-183,THORCIC INLET,966.0,1150.0
03-01-184,THORCIC LUMBER SPINE AP/LAT,1945.0,2330.0
03-01-185,THUMB AP LATRAL VIEW,1468.0,1760.0
03-01-186,THUMB AP/LAT,1468.0,1760.0
03-01-187,TIBIA AP VIEW,966.0,1150.0
03-01-188,TIBIA AP/LATERAL LEFT VIEW,1945.0,2330.0
03-01-189,TIBIA LAT VIEW,966.0,1150.0
03-01-190,TIBIA RT AP LAT VIEW,1945.0,2330.0
03-01-191,URETHROGRAM,7290.0,8740.0
03-01-192,WRIST JOINT AP VIEW,966.0,1150.0
03-01-193,WRIST JOINT LAT VIEW,966.0,1150.0
03-01-194,WRIST JOINT LT AP LATERAL,1468.0,1760.0
03-01-195,WRIST JOINT OBLIQUE VIEW,966.0,1150.0
03-01-196,WRIST JOINT RT LATERAL,966.0,1150.0
03-01-197,MAMMOGRAPHY,,6000.0
03-01-198,OPG X-Ray,,1500.0
04-01-001,Ankle Joint Plain,8179.0,9810.0
04-01-002,Aorta Angiography (Without Contrast),,
04-01-003,Brain + Pituitary / Petrious Base,13601.0,16320.0
04-01-004,Brain Plain,8179.0,9810.0
04-01-005,Brain Plain + Contrast,16976.0,20370.0
04-01-006,Brain Plain With 3D (Three Dimension),12455.0,14940.0
04-01-007,Carotid Angiography (Without Contrast),,
04-01-008,Cerebral Angiography (Without Contrast),,
04-01-009,Cervical/Lumber / Dorsal Spine With 3D (Any One Region),14722.0,17660.0
04-01-010,Chest Contrast,20376.0,24450.0
04-01-011,CT Contrast Urography,17774.0,21320.0
04-01-012,CT Dorsal Spine,18122.0,21740.0
04-01-013,CT Elbo,8179.0,9810.0
04-01-014,CT Foot Plain,5667.0,6800.0
04-01-015,CT Hip Joint Contrast,20376.0,24450.0
04-01-016,CT Knee With Contrast,20376.0,24450.0
04-01-017,CT Leg 3D Plain,8179.0,9810.0
04-01-018,CT Neck Plain,8179.0,9810.0
04-01-019,CT Pelvimetry,8243.0,9890.0
04-01-020,CT Pelvis 3D,14722.0,17660.0
04-01-021,CT Scan Triphasic Upper Abdomen,20376.0,24450.0
04-01-022,CT Temporal Bone,14967.0,17960.0
04-01-023,CT Urogram With Contrast,20376.0,24450.0
04-01-024,CT-Guided Biopsies,9068.0,10880.0
04-01-025,CT-Myelogram (Region Of Interest),14722.0,17660.0
04-01-026,CT-Pyelogram/KUB,8179.0,9810.0
04-01-027,DVD Writing Charges For CT Scans Per DVD,,
04-01-028,Extra CT Scan Films Charges Per Film,,
04-01-029,HRCT Chest,8179.0,9810.0
04-01-030,HRCT Temporal Region,11978.0,14370.0
04-01-031,Lower Abdomen with Contrast,20376.0,24450.0
04-01-032,Neck Contrast,20376.0,24450.0
04-01-033,Non-lonic Contrast,5667.0,6800.0
04-01-034,Orbit Axial & Coronal,14722.0,17660.0
04-01-035,Peripheral Angiography (Without Contrast),,
04-01-036,PNS Axial & Coronal,14722.0,17660.0
04-01-037,PNS Coronal View / Orbit Axial View (Any One Redion),9068.0,10880.0
04-01-038,PNS Full Study With Contrast,20376.0,24450.0
04-01-039,Pulmonary Angiography (Without Contrast),,
04-01-040,Renal Angiography (Without Contrast),,
04-01-041,S.I Joint Plain,8179.0,9810.0
04-01-042,Second Opinion Reporting - CT Scan (Contrast),2808.0,3360.0
04-01-043,Second Opinion Reporting CT - Scan (Plain),1880.0,2250.0
04-01-044,Upper Abdomen or Pelvis with Contrast,20376.0,24450.0
04-01-045,Whole Abdomen (Abdomen + Pelvis) With Contrast,23776.0,28530.0
04-01-046,Calcium Score,,
04-01-047,Coronary Calcium Scoring,,
04-01-048,Coronary Artery Angiogram,,
04-01-049,СТРА,,
04-01-050,CT Aortogram,,
04-01-051,Peripheral Artery Angiogram,,
09-01-001,COLOR DOPPLER IMAGING OF PENIS (WITHOUT CAVERJECT),4778.0,5730.0
09-01-002,COLOR DOPPLER STUDY OF THYROID,3941.0,4720.0
09-01-003,COLOR FLOW IMAGING OF RENAL VESSELS,4740.0,5680.0
09-01-004,COLOR FLOW STUDY OF TUMORS,3941.0,4720.0
09-01-005,DOPPLER APPLICATIONS IN GYNACOLOGY,3181.0,3810.0
09-01-006,DOPPLER IMAGING OF BRAEST AND AXILLA,3941.0,4720.0
09-01-007,DOPPLER SCAN OF ABDOMINAL VESSELS,7870.0,9440.0
09-01-008,DOPPLER SONOGRAPHY OF BRAIN,5242.0,6290.0
09-01-009,DOPPLER U/S BRAIN (INFANTS),2267.0,2720.0
09-01-010,DOPPLER U/S BREAST,2898.0,3470.0
09-01-011,DOPPLER U/S CAROTID ARTERIES,5242.0,6290.0
09-01-012,DOPPLER U/S LOWER LIMB,4560.0,5470.0
09-01-013,"DOPPLER U/S PELVIS (FWB, IUGR, GYNEA)",2099.0,2510.0
09-01-014,DOPPLER U/S TESTIS AND SCROTUM,3941.0,4720.0
09-01-015,DOPPLER U/S THYROIDS,2640.0,3160.0
09-01-016,DOPPLER UPPER LIMB (BOTH),6801.0,8160.0
09-01-017,DOPPLER UPPER LIMB (SINGLE),3684.0,4420.0
09-01-018,ECHO (ECHOCARDIOGRAPHY TEST),4560.0,5470.0
09-01-019,ENDOVAGINAL COLOR FLOW IMAGING,5242.0,6290.0
09-01-020,FETAL ECHOCARDIOGRAPHY,5989.0,7180.0
09-01-021,FETAL ECHOCARDIOGRAPHY BY COLOR DOPPLER,4624.0,5540.0
09-01-022,GUIDED PROCEDURE (ABCESS DRAINAGE/BIOPSY),5989.0,7180.0
09-01-023,GUIDED PROCEDURE (PLEURAL EFFUSION),2898.0,3470.0
09-01-024,PORTABLE ECHO CHARGES,850.0,1020.0
09-01-025,Portal Vein/Liver Doppler,3684.0,4420.0
09-01-026,Renal Artery Stenosis,4778.0,5730.0
09-01-027,TRANSRECTAL U/S OF PROSTATE,3684.0,4420.0
09-01-028,U/S CHEST/MASS,3684.0,4420.0
09-01-029,U/S ORBIT (EYE),3684.0,4420.0
